,DKK6MD=,DKK6MD=,EUR6MD=,EUR6MD=,USD6MD=,USD6MD=,DKK3MD=,DKK3MD=,EUR3MD=,EUR3MD=,USD3MD=,USD3MD=,DKKOND=,DKKOND=,EUROND=,EUROND=,USDOND=,USDOND=
,BID,ASK,BID,ASK,BID,ASK,BID,ASK,BID,ASK,BID,ASK,BID,ASK,BID,ASK,BID,ASK
Date,,,,,,,,,,,,,,,,,,
2023-01-02,2.37,2.57,2.75,2.85,5.05,5.25,1.3,1.5,2.15,2.35,4.67,4.87,1.65,1.85,1.85,1.95,4.31,4.36
2023-01-03,2.35,2.55,2.84,2.91,5.19,5.59,1.3,1.5,2.25,2.4,4.65,4.9,1.73,1.98,1.85,1.95,4.24,4.49
2023-01-04,2.35,2.55,2.83,2.91,4.95,5.2,1.3,1.5,2.37,2.57,4.64,4.89,1.65,1.85,1.85,1.95,4.24,4.49
2023-01-05,2.34,2.54,2.88,2.95,5.0,5.25,1.73,2.17,2.25,2.45,4.7,4.95,1.65,1.85,1.85,1.95,4.35,4.55
2023-01-06,2.34,2.54,2.87,2.95,4.96,5.21,1.74,2.16,2.3,2.5,4.86,4.92,1.65,1.85,1.87,2.07,4.24,4.49
2023-01-09,2.37,2.57,2.88,2.96,4.95,5.2,1.3,1.5,2.3,2.4,4.69,4.94,1.4,1.9,1.85,1.95,4.3,4.5
2023-01-10,2.39,2.59,2.85,2.95,4.97,5.22,1.3,1.5,2.25,2.35,4.69,4.94,1.65,1.85,1.85,1.95,4.3,4.5
2023-01-11,2.42,2.62,2.87,2.95,5.16,5.24,1.77,2.14,2.25,2.6,4.84,4.9,1.65,1.85,1.87,2.07,4.3,4.49
2023-01-12,2.43,2.63,2.91,2.99,4.96,5.21,1.79,2.16,2.3,2.5,4.69,4.94,1.65,1.85,1.87,2.07,4.3,4.49
2023-01-13,2.44,2.64,2.77,2.97,4.95,5.2,1.79,2.16,2.35,2.55,4.69,4.94,1.65,1.85,1.9,2.1,4.25,4.5
2023-01-16,2.46,2.66,2.85,2.95,4.92,5.22,2.05,2.2,2.35,2.45,4.76,5.06,1.65,1.85,1.87,2.07,4.3,4.5
2023-01-17,2.44,2.64,2.85,2.95,4.9,5.1,2.05,2.2,2.3,2.55,4.71,4.96,1.65,1.85,1.85,1.95,4.24,4.49
2023-01-18,2.44,2.64,2.91,2.99,4.92,5.17,1.84,2.26,2.28,2.53,4.63,4.88,1.65,1.85,1.85,1.95,4.3,4.49
2023-01-19,2.52,2.72,2.85,2.95,4.91,5.16,1.84,2.26,2.4,2.6,4.68,4.93,1.65,1.85,1.87,2.07,4.3,4.5
2023-01-20,2.52,2.72,2.8,3.0,4.91,5.16,1.93,2.37,2.45,2.65,4.69,4.94,1.65,1.85,1.87,2.07,4.3,4.49
2023-01-23,2.54,2.74,2.9,3.0,4.91,5.16,1.99,2.36,2.4,2.5,4.7,4.95,1.4,1.9,1.87,2.07,4.3,4.5
2023-01-24,2.58,2.78,2.9,3.0,4.94,5.19,1.99,2.36,2.4,2.5,4.7,4.95,1.65,1.85,1.87,2.07,4.3,4.49
2023-01-25,2.58,2.78,2.9,3.0,4.95,5.2,1.99,2.36,2.45,2.55,4.7,4.95,1.65,1.85,1.76,1.86,4.3,4.49
2023-01-26,2.58,2.78,2.9,3.0,4.94,5.19,1.99,2.36,2.45,2.55,4.7,4.95,1.4,1.9,1.85,1.95,4.3,4.49
2023-01-27,2.58,2.78,2.95,3.05,5.01,5.21,1.98,2.37,2.5,2.6,4.72,4.92,1.65,1.85,1.85,1.95,4.24,4.49
2023-01-30,2.6,2.8,3.08,3.15,4.92,5.17,2.09,2.46,2.55,2.65,4.74,4.99,1.4,1.9,1.87,2.07,4.3,4.49
2023-01-31,2.62,2.82,3.08,3.16,4.92,5.17,2.08,2.47,2.59,2.73,4.75,5.0,1.65,1.85,1.82,2.07,4.25,4.5
2023-02-01,2.62,2.82,3.1,3.17,4.91,5.16,2.08,2.47,2.48,2.83,4.72,4.97,1.65,1.85,1.87,2.07,4.3,4.5
2023-02-02,2.6,2.8,3.09,3.17,4.9,5.15,2.09,2.46,2.55,2.65,4.69,4.94,2.18,2.43,1.85,1.95,4.5,4.7
2023-02-03,2.57,2.77,2.95,3.14,4.95,5.2,2.09,2.46,2.7,2.86,4.7,4.95,1.75,2.25,1.87,2.07,4.5,4.69
2023-02-06,2.59,2.79,3.14,3.22,5.14,5.22,2.32,2.47,2.65,2.75,4.85,4.91,1.65,1.85,1.87,2.07,4.5,4.69
2023-02-07,2.58,2.78,3.16,3.24,4.97,5.22,2.32,2.47,2.65,2.75,4.71,4.96,2.0,2.2,1.87,2.07,4.5,4.69
2023-02-08,2.61,2.81,3.16,3.36,5.16,5.24,2.32,2.47,2.65,2.75,4.86,4.92,2.0,2.2,2.3,2.4,4.5,4.7
2023-02-09,2.61,2.81,3.05,3.15,5.02,5.27,2.32,2.47,2.65,2.75,4.73,4.98,2.0,2.2,2.35,2.45,4.5,4.69
2023-02-10,2.65,2.85,3.07,3.27,5.02,5.27,2.32,2.47,2.62,2.97,4.72,4.97,2.0,2.2,2.35,2.55,4.5,4.69
2023-02-13,2.64,2.84,3.05,3.15,5.02,5.27,2.32,2.47,2.65,2.75,4.75,5.0,2.0,2.2,2.35,2.45,4.5,4.7
2023-02-14,2.66,2.86,3.05,3.15,5.05,5.3,2.32,2.47,2.65,2.75,4.75,5.0,2.0,2.2,2.35,2.45,4.5,4.7
2023-02-15,2.7,2.9,3.25,3.32,5.06,5.31,2.32,2.47,2.81,3.01,4.75,5.0,2.0,2.2,2.35,2.45,4.5,4.69
2023-02-16,2.73,2.93,3.15,3.25,5.21,5.29,2.18,2.57,2.67,3.02,4.89,4.95,2.0,2.2,2.35,2.55,4.49,4.74
2023-02-17,2.73,2.93,3.1,3.29,5.13,5.33,2.18,2.57,2.75,2.95,4.83,5.03,2.0,2.2,2.37,2.57,4.49,4.74
2023-02-20,2.73,2.93,3.15,3.25,5.1,5.35,2.19,2.56,2.62,2.72,4.77,5.02,2.0,2.2,2.35,2.45,4.56,4.61
2023-02-21,2.75,2.95,3.15,3.25,5.24,5.32,2.23,2.62,2.75,2.85,4.89,4.95,2.18,2.43,2.35,2.45,4.5,4.7
2023-02-22,2.76,2.96,3.15,3.25,5.12,5.37,2.24,2.61,2.75,2.85,4.8,5.05,2.0,2.2,2.35,2.45,4.5,4.7
2023-02-23,2.78,2.98,3.2,3.4,5.15,5.4,2.23,2.62,2.75,2.85,4.82,5.07,2.0,2.2,2.35,2.45,4.5,4.7
2023-02-24,2.8,3.0,3.23,3.31,5.16,5.41,2.23,2.62,2.88,2.96,4.86,5.11,2.0,2.2,2.37,2.57,4.5,4.7
2023-02-27,2.81,3.01,3.15,3.25,5.17,5.42,2.28,2.67,2.77,3.12,4.86,5.11,1.8,2.3,2.35,2.45,4.5,4.69
2023-02-28,2.82,3.02,3.2,3.3,5.27,5.35,2.28,2.67,2.8,2.9,4.96,5.02,2.0,2.2,2.35,2.54,4.5,4.69
2023-03-01,2.86,3.06,3.2,3.3,5.29,5.37,2.28,2.67,2.8,2.9,4.99,5.05,2.0,2.2,2.35,2.45,4.5,4.7
2023-03-02,2.92,3.12,3.47,3.54,5.31,5.39,2.28,2.67,2.8,2.9,5.01,5.07,2.0,2.2,2.35,2.45,4.5,4.7
2023-03-03,2.95,3.15,3.32,3.52,5.29,5.37,2.39,2.76,2.9,3.08,5.02,5.08,2.0,2.2,2.37,2.57,4.5,4.7
2023-03-06,2.94,3.14,3.25,3.35,5.24,5.49,2.34,2.71,3.0,3.15,4.95,5.2,2.0,2.2,2.35,2.45,4.5,4.69
2023-03-07,2.98,3.18,3.56,3.63,5.38,5.58,2.43,2.82,2.9,3.12,5.07,5.27,2.0,2.2,2.35,2.54,4.5,4.7
2023-03-08,3.03,3.23,3.55,3.63,5.45,5.7,2.43,2.82,3.0,3.2,5.1,5.35,2.0,2.2,2.35,2.45,4.49,4.74
2023-03-09,3.03,3.23,3.54,3.62,5.46,5.71,2.43,2.82,2.95,3.05,5.13,5.38,1.9,2.3,2.35,2.45,4.5,4.7
2023-03-10,2.92,3.12,3.44,3.51,5.32,5.52,2.43,2.82,2.94,3.19,5.1,5.3,2.0,2.2,2.35,2.55,4.5,4.7
2023-03-13,2.74,2.94,3.1,3.17,4.91,5.11,2.34,2.91,2.8,2.9,4.86,5.06,2.0,2.2,2.37,2.57,4.49,4.74
2023-03-14,2.73,2.93,3.08,3.33,5.04,5.29,2.34,2.91,2.87,3.12,4.96,5.21,2.0,2.2,2.36,2.56,4.54,4.74
2023-03-15,2.62,2.82,3.08,3.15,4.92,5.17,2.28,2.87,2.75,2.87,4.83,5.03,2.0,2.2,2.37,2.57,4.49,4.74
2023-03-16,2.74,2.94,3.25,3.33,5.06,5.33,2.28,2.87,2.94,3.06,5.13,5.33,2.0,2.2,2.37,2.57,4.49,4.74
2023-03-17,2.76,2.96,3.16,3.23,5.02,5.21,2.28,2.87,2.92,3.04,5.1,5.3,2.55,2.75,2.37,2.57,4.49,4.74
2023-03-20,2.74,2.94,3.2,3.28,5.0,5.25,2.32,2.47,2.9,3.0,5.12,5.37,2.55,2.75,2.37,2.57,4.49,4.74
2023-03-21,2.79,2.99,3.11,3.36,5.04,5.29,2.23,2.87,2.9,3.0,5.06,5.31,2.55,2.75,2.4,2.6,4.55,4.75
2023-03-22,2.85,3.05,3.34,3.41,5.1,5.35,2.23,2.87,2.9,3.0,5.08,5.33,2.68,2.93,2.87,3.07,4.49,4.74
2023-03-23,2.89,3.09,3.32,3.4,5.06,5.26,2.23,2.87,2.95,3.05,5.05,5.3,2.3,2.7,2.89,3.05,4.75,4.95
2023-03-24,2.78,2.98,3.29,3.37,5.15,5.23,2.23,2.87,2.99,3.11,5.18,5.28,2.3,2.7,2.87,3.07,4.74,4.99
2023-03-27,2.79,2.99,3.15,3.25,5.0,5.25,2.33,2.92,2.95,3.05,5.08,5.33,2.3,2.7,2.87,3.07,4.74,4.99
2023-03-28,2.93,3.13,3.3,3.4,5.1,5.35,2.33,2.92,3.0,3.1,5.08,5.33,2.55,2.75,2.87,3.07,4.74,4.99
2023-03-29,2.93,3.13,3.35,3.45,5.12,5.37,2.33,2.92,3.0,3.1,5.1,5.35,2.55,2.75,2.87,3.07,4.74,4.99
2023-03-30,2.91,3.11,3.3,3.4,5.09,5.34,2.33,2.92,3.0,3.1,5.07,5.32,2.55,2.75,2.8,2.9,4.74,4.99
2023-03-31,2.92,3.12,3.4,3.47,5.14,5.39,2.39,2.91,3.05,3.25,5.09,5.34,2.55,2.75,2.85,3.04,4.74,4.99
2023-04-03,2.93,3.13,3.35,3.45,5.12,5.37,2.67,2.82,3.1,3.2,5.06,5.31,2.55,2.75,2.85,2.95,4.74,4.99
2023-04-04,2.94,3.14,3.45,3.55,5.31,5.39,2.67,2.82,3.1,3.2,5.03,5.28,2.55,2.75,2.85,2.95,4.74,4.99
2023-04-05,2.93,3.13,3.4,3.5,5.29,5.37,2.67,2.82,3.1,3.2,5.23,5.32,2.35,2.75,2.85,2.95,4.74,4.99
2023-04-06,2.92,3.12,3.4,3.5,5.26,5.46,2.39,2.91,3.15,3.25,4.92,5.1,2.55,2.75,2.85,2.95,4.74,4.99
2023-04-07,2.92,3.12,3.27,3.45,5.38,5.58,2.39,2.91,3.06,3.24,5.21,5.41,2.55,2.75,2.87,3.07,4.74,4.99
2023-04-10,2.9,3.1,3.35,3.45,5.38,5.58,2.67,2.82,3.15,3.25,5.21,5.41,2.55,2.75,2.85,3.2,4.74,4.99
2023-04-11,2.96,3.16,3.35,3.45,5.15,5.4,2.67,2.82,3.15,3.25,5.11,5.36,2.55,2.75,2.85,2.95,4.74,4.99
2023-04-12,2.96,3.16,3.45,3.55,5.12,5.37,2.67,2.82,3.2,3.3,5.12,5.37,2.35,2.75,2.85,2.95,4.74,4.99
2023-04-13,2.97,3.17,3.55,3.65,5.08,5.33,2.67,2.82,3.2,3.3,5.09,5.34,2.55,2.75,2.85,2.95,4.74,4.99
2023-04-14,2.96,3.16,3.5,3.7,5.48,5.58,2.54,3.06,3.2,3.4,5.1,5.35,2.55,2.75,2.87,3.07,4.74,4.99
2023-04-17,3.04,3.24,3.55,3.65,5.31,5.51,2.53,3.07,3.15,3.4,5.13,5.38,2.35,2.75,2.85,2.95,4.74,4.99
2023-04-18,3.06,3.26,3.6,3.7,5.33,5.53,2.54,3.06,3.25,3.35,5.12,5.37,2.63,2.88,2.85,2.95,4.74,4.99
2023-04-19,3.07,3.27,3.6,3.7,5.47,5.87,2.63,3.17,3.33,3.49,5.13,5.38,2.45,2.85,2.85,2.95,4.74,4.99
2023-04-20,3.1,3.3,3.6,3.7,5.35,5.55,2.64,3.16,3.25,3.35,5.17,5.37,2.55,2.75,2.85,2.95,4.74,4.99
2023-04-21,3.1,3.3,3.65,3.72,5.24,5.49,2.64,3.16,3.17,3.42,5.13,5.38,2.55,2.75,2.87,3.07,4.74,4.99
2023-04-24,3.12,3.32,3.6,3.7,5.24,5.49,2.63,3.17,3.25,3.35,5.13,5.38,2.55,2.75,2.85,2.95,4.74,4.99
2023-04-25,3.16,3.36,3.65,3.75,5.24,5.49,2.63,3.17,3.25,3.35,5.15,5.4,2.55,2.75,2.85,2.95,4.74,4.99
2023-04-26,3.14,3.34,3.6,3.7,5.42,5.52,2.64,3.16,3.25,3.35,5.31,5.39,2.68,2.93,2.85,2.95,4.74,4.99
2023-04-27,3.13,3.33,3.6,3.7,5.26,5.51,2.63,3.17,3.25,3.35,5.18,5.43,2.55,2.75,2.85,2.95,4.74,4.99
2023-04-28,3.15,3.35,3.61,3.69,5.36,5.56,2.63,3.17,3.3,3.5,5.23,5.48,2.55,2.75,2.85,3.05,4.85,5.04
2023-05-01,2.9,3.1,3.6,3.7,5.46,5.86,2.67,2.82,3.25,3.35,5.24,5.44,2.55,2.75,2.9,3.0,4.74,4.99
2023-05-02,3.14,3.34,3.6,3.7,5.32,5.42,2.67,2.82,3.25,3.35,5.28,5.35,2.2,2.6,2.9,3.0,4.74,4.99
2023-05-03,3.13,3.33,3.55,3.65,5.27,5.52,2.64,3.16,3.3,3.4,5.23,5.48,2.55,2.75,2.9,3.0,4.74,4.99
2023-05-04,3.13,3.33,3.6,3.7,5.36,5.46,2.68,3.22,3.3,3.4,5.34,5.41,2.78,3.03,2.82,3.08,4.99,5.24
2023-05-05,3.12,3.32,3.58,3.66,5.26,5.51,2.68,3.22,3.33,3.53,5.26,5.51,2.55,2.75,2.87,3.07,4.99,5.24
2023-05-08,3.12,3.32,3.5,3.6,5.26,5.51,2.69,3.21,3.25,3.35,5.24,5.49,2.55,2.95,2.85,3.05,4.99,5.24
2023-05-09,3.14,3.34,3.55,3.65,5.26,5.51,2.68,3.22,3.3,3.4,5.23,5.48,2.93,3.18,2.85,3.05,4.99,5.24
2023-05-10,3.18,3.38,3.55,3.65,5.32,5.57,2.69,3.21,3.3,3.4,5.26,5.51,2.6,3.0,3.15,3.25,4.99,5.24
2023-05-11,3.16,3.36,3.6,3.7,5.33,5.43,2.68,3.22,3.3,3.4,5.35,5.41,2.55,2.75,3.15,3.25,4.99,5.24
2023-05-12,3.17,3.37,3.64,3.72,5.27,5.52,2.69,3.21,3.35,3.55,5.26,5.51,2.55,2.75,3.12,3.32,4.99,5.24
2023-05-15,3.18,3.38,3.5,3.6,5.28,5.53,2.69,3.21,3.25,3.35,5.25,5.5,2.75,2.95,3.1,3.2,4.99,5.24
2023-05-16,3.19,3.39,3.55,3.65,5.37,5.46,2.69,3.21,3.3,3.4,5.36,5.42,2.6,3.0,3.1,3.2,4.99,5.24
2023-05-17,3.2,3.4,3.55,3.65,5.38,5.47,2.68,3.22,3.3,3.4,5.37,5.43,2.75,2.95,3.1,3.2,4.99,5.24
2023-05-18,3.22,3.42,3.55,3.65,5.39,5.48,2.69,3.21,3.3,3.4,5.37,5.43,2.75,2.95,3.1,3.2,4.99,5.24
2023-05-19,3.23,3.43,3.47,3.65,5.38,5.63,2.69,3.21,3.3,3.4,5.31,5.56,2.75,2.95,3.12,3.32,4.99,5.24
2023-05-22,3.25,3.45,3.56,3.61,5.4,5.65,2.69,3.21,3.31,3.36,5.31,5.56,2.75,2.95,3.13,3.33,4.99,5.24
2023-05-23,3.26,3.46,3.56,3.61,5.43,5.68,2.69,3.21,3.36,3.4,5.32,5.57,2.75,2.95,3.12,3.32,4.99,5.24
2023-05-24,3.28,3.48,3.72,3.78,5.53,5.61,2.68,3.22,3.45,3.64,5.43,5.49,2.88,3.13,3.13,3.33,4.99,5.24
2023-05-25,3.29,3.49,3.47,3.65,5.52,5.77,2.69,3.21,3.37,3.62,5.41,5.66,2.75,2.95,3.12,3.32,4.99,5.24
2023-05-26,3.28,3.48,3.65,3.85,5.64,5.72,2.69,3.21,3.45,3.65,5.51,5.57,2.75,2.95,3.12,3.32,4.99,5.24
2023-05-29,2.9,3.1,3.74,3.79,5.7,6.1,2.73,3.27,3.39,3.57,5.52,5.92,2.75,2.95,3.12,3.32,4.99,5.24
2023-05-30,3.3,3.5,3.72,3.77,5.59,5.84,2.69,3.21,3.45,3.65,5.46,5.71,2.75,2.95,3.12,3.32,4.99,5.24
2023-05-31,3.24,3.44,3.62,3.75,5.57,5.82,2.73,3.27,3.45,3.65,5.47,5.72,2.75,2.95,3.12,3.32,4.99,5.24
2023-06-01,3.24,3.44,3.71,3.76,5.64,5.72,2.73,3.27,3.45,3.65,5.55,5.61,2.5,2.9,3.13,3.33,4.99,5.24
2023-06-02,3.25,3.45,3.72,3.88,5.53,5.78,2.73,3.27,3.45,3.64,5.43,5.68,2.6,3.0,3.12,3.32,4.99,5.24
2023-06-05,3.27,3.47,3.61,3.83,5.58,5.78,2.67,2.82,3.35,3.57,5.38,5.58,2.75,2.95,3.12,3.32,4.99,5.24
2023-06-06,3.26,3.46,3.74,3.79,5.39,5.69,2.67,2.82,3.5,3.7,5.35,5.65,2.75,2.95,3.12,3.32,4.99,5.24
2023-06-07,3.28,3.48,3.76,3.81,5.68,5.76,2.67,2.82,3.42,3.67,5.58,5.64,2.75,2.95,3.14,3.3,4.99,5.24
2023-06-08,3.27,3.47,3.77,3.82,5.66,5.74,2.67,2.82,3.54,3.7,5.42,5.62,2.55,2.95,3.12,3.32,4.99,5.24
2023-06-09,3.3,3.5,3.7,3.8,5.56,5.81,2.67,2.82,3.45,3.55,5.44,5.69,2.6,3.0,3.12,3.32,4.99,5.24
2023-06-12,3.28,3.48,3.64,3.69,5.56,5.81,2.67,2.82,3.5,3.7,5.45,5.7,2.88,3.13,3.12,3.32,4.99,5.24
2023-06-13,3.28,3.48,3.77,3.83,5.53,5.78,2.67,2.82,3.55,3.71,5.43,5.68,2.75,2.95,3.12,3.32,4.99,5.24
2023-06-14,3.29,3.49,3.69,3.85,5.57,5.77,2.84,3.36,3.5,3.7,5.41,5.66,2.75,2.95,3.13,3.33,4.99,5.24
2023-06-15,3.29,3.49,3.85,3.9,5.49,5.74,2.84,3.36,3.5,3.69,5.35,5.6,2.5,2.9,3.13,3.33,4.99,5.24
2023-06-16,3.36,3.56,3.85,3.9,5.62,5.82,2.83,3.37,3.5,3.75,5.35,5.6,2.75,3.15,3.12,3.32,4.99,5.24
2023-06-19,3.35,3.55,3.87,3.92,5.49,5.74,2.67,2.82,3.55,3.73,5.51,5.76,2.75,2.95,3.15,3.25,4.99,5.24
2023-06-20,3.37,3.57,3.87,3.92,5.5,5.75,2.67,2.82,3.51,3.76,5.36,5.61,2.75,3.15,3.12,3.32,4.99,5.24
2023-06-21,3.38,3.58,3.89,3.95,5.53,5.78,2.67,2.82,3.52,3.77,5.37,5.62,3.0,3.2,3.35,3.55,4.99,5.24
2023-06-22,3.42,3.62,3.92,3.97,5.51,5.76,2.67,2.82,3.5,3.7,5.36,5.61,2.75,3.15,3.35,3.55,4.99,5.24
2023-06-23,3.38,3.58,3.89,3.94,5.53,5.78,2.93,3.47,3.6,3.8,5.36,5.61,2.85,3.25,3.39,3.55,4.99,5.24
2023-06-26,3.38,3.58,3.88,3.94,5.5,5.75,2.67,2.82,3.55,3.8,5.36,5.61,2.92,3.42,3.35,3.55,4.99,5.24
2023-06-27,3.39,3.59,3.79,3.97,5.5,5.75,2.67,2.82,3.6,3.8,5.49,5.69,2.8,3.3,3.37,3.57,4.99,5.24
2023-06-28,3.36,3.56,3.8,3.85,5.51,5.76,2.83,3.37,3.56,3.61,5.36,5.61,3.0,3.2,3.37,3.57,4.99,5.24
2023-06-29,3.39,3.59,3.9,3.96,5.71,5.79,2.83,3.37,3.6,3.8,5.56,5.62,2.75,3.25,3.3,3.4,4.99,5.24
2023-06-30,3.39,3.59,3.82,3.98,5.69,5.94,2.83,3.37,3.65,3.85,5.39,5.64,3.0,3.2,3.37,3.57,4.99,5.24
2023-07-03,3.39,3.59,3.92,3.97,5.74,5.94,3.24,3.39,3.6,3.65,5.37,5.62,3.0,3.2,3.37,3.57,4.99,5.24
2023-07-04,3.39,3.59,3.83,3.99,5.67,5.92,3.24,3.39,3.58,3.83,5.36,5.61,2.85,3.25,3.37,3.57,5.02,5.25
2023-07-05,3.4,3.6,3.92,3.97,5.67,5.92,3.24,3.39,3.58,3.83,5.36,5.61,3.0,3.2,3.37,3.57,4.99,5.24
2023-07-06,3.4,3.6,3.94,4.0,5.7,5.95,3.24,3.39,3.65,3.84,5.38,5.63,3.0,3.2,3.3,3.4,4.99,5.24
2023-07-07,3.43,3.63,3.84,4.0,5.72,5.97,2.99,3.51,3.6,3.85,5.41,5.66,3.0,3.2,3.35,3.55,4.99,5.24
2023-07-10,3.42,3.62,3.79,3.97,5.71,5.96,3.24,3.39,3.73,3.81,5.42,5.67,2.85,3.25,3.37,3.57,4.99,5.24
2023-07-11,3.43,3.63,3.8,4.0,5.7,5.95,3.24,3.39,3.7,3.9,5.41,5.66,3.0,3.2,3.37,3.57,4.99,5.24
2023-07-12,3.45,3.65,3.96,4.01,5.69,5.94,3.24,3.39,3.7,3.9,5.42,5.67,3.0,3.2,3.37,3.57,4.99,5.24
2023-07-13,3.43,3.63,3.95,4.0,5.65,5.9,3.24,3.39,3.7,3.9,5.39,5.64,3.0,3.2,3.35,3.55,4.99,5.24
2023-07-14,3.44,3.64,3.96,4.02,5.76,5.84,2.99,3.51,3.69,3.87,5.39,5.64,3.0,3.2,3.37,3.57,4.99,5.24
2023-07-17,3.45,3.65,3.97,4.02,5.66,5.91,3.24,3.39,3.65,3.9,5.41,5.66,3.0,3.2,3.35,3.55,4.99,5.24
2023-07-18,3.45,3.65,3.95,4.0,5.68,5.93,3.24,3.39,3.65,3.9,5.42,5.67,3.0,3.2,3.37,3.57,4.99,5.24
2023-07-19,3.43,3.63,3.95,4.01,5.79,5.87,3.24,3.39,3.7,3.9,5.63,5.69,3.0,3.2,3.37,3.57,4.99,5.24
2023-07-20,3.46,3.66,3.79,3.97,5.8,5.88,2.98,3.52,3.79,3.95,5.44,5.69,3.0,3.2,3.37,3.57,4.99,5.24
2023-07-21,3.48,3.68,3.85,4.05,5.68,5.93,2.98,3.52,3.75,3.94,5.44,5.69,3.0,3.2,3.37,3.57,4.99,5.24
2023-07-24,3.48,3.68,3.96,4.02,5.7,5.95,3.24,3.39,3.7,3.95,5.46,5.71,3.0,3.2,3.35,3.55,4.99,5.24
2023-07-25,3.48,3.68,3.83,4.05,5.75,5.95,3.24,3.39,3.7,3.95,5.55,5.75,3.0,3.2,3.39,3.55,4.99,5.24
2023-07-26,3.48,3.68,3.79,3.97,5.71,5.96,2.98,3.52,3.81,3.85,5.46,5.71,3.0,3.2,3.37,3.57,4.99,5.24
2023-07-27,3.48,3.68,3.84,4.0,5.75,6.0,2.98,3.52,3.8,4.0,5.5,5.75,3.0,3.2,3.37,3.57,5.24,5.49
2023-07-28,3.48,3.68,3.93,3.99,5.73,5.93,2.98,3.52,3.72,3.9,5.47,5.77,3.33,3.58,3.37,3.57,5.24,5.49
2023-07-31,3.48,3.68,3.79,3.97,5.73,5.98,3.39,3.54,3.75,3.95,5.49,5.74,3.25,3.45,3.35,3.55,5.24,5.49
2023-08-01,3.49,3.69,3.9,3.99,5.73,5.98,3.39,3.54,3.75,3.95,5.49,5.74,3.25,3.45,3.35,3.55,5.24,5.49
2023-08-02,3.48,3.68,3.94,3.99,5.73,5.98,3.39,3.54,3.75,3.95,5.48,5.73,3.25,3.45,3.62,3.82,5.24,5.49
2023-08-03,3.48,3.68,3.95,4.0,5.73,5.98,3.39,3.54,3.74,3.92,5.48,5.73,3.15,3.55,3.62,3.82,5.24,5.49
2023-08-04,3.48,3.68,4.0,4.05,5.73,5.98,3.08,3.62,3.75,3.95,5.48,5.73,3.25,3.45,3.62,3.82,5.24,5.49
2023-08-07,3.48,3.68,4.0,4.06,5.74,5.99,3.39,3.54,3.75,3.93,5.49,5.74,3.25,3.45,3.62,3.82,5.24,5.49
2023-08-08,3.48,3.68,4.0,4.05,5.8,5.88,3.39,3.54,3.75,3.95,5.47,5.72,3.25,3.45,3.62,3.82,5.24,5.49
2023-08-09,3.49,3.69,4.01,4.06,5.74,5.99,3.39,3.54,3.75,3.95,5.48,5.73,3.25,3.45,3.62,3.82,5.24,5.49
2023-08-10,3.49,3.69,3.9,4.1,5.74,5.99,3.39,3.54,3.72,3.97,5.48,5.73,3.25,3.45,3.62,3.82,5.24,5.49
2023-08-11,3.49,3.69,3.93,4.02,5.8,5.88,3.39,3.54,3.8,3.9,5.46,5.71,3.25,3.45,3.62,3.82,5.24,5.49
2023-08-14,3.49,3.69,4.03,4.08,5.71,5.96,3.39,3.54,3.77,3.95,5.45,5.7,3.25,3.45,3.55,3.65,5.24,5.49
2023-08-15,3.52,3.72,3.86,4.11,5.71,5.96,3.39,3.54,3.78,3.96,5.45,5.7,3.15,3.55,3.62,3.82,5.24,5.49
2023-08-16,3.51,3.71,4.05,4.1,5.7,5.95,3.09,3.61,3.75,4.0,5.45,5.7,3.25,3.45,3.56,3.66,5.24,5.49
2023-08-17,3.52,3.72,4.06,4.11,5.72,5.97,3.14,3.66,3.75,4.0,5.46,5.71,3.25,3.45,3.6,3.8,5.24,5.49
2023-08-18,3.5,3.7,4.04,4.1,5.72,5.97,3.14,3.66,3.78,3.96,5.47,5.72,3.25,3.45,3.6,3.8,5.24,5.49
2023-08-21,3.51,3.71,3.9,4.1,5.79,5.87,3.39,3.54,3.76,4.01,5.64,5.7,3.25,3.45,3.62,3.82,5.24,5.49
2023-08-22,3.52,3.72,3.7,4.05,5.76,6.01,3.39,3.54,3.76,4.01,5.49,5.74,3.25,3.45,3.6,3.8,5.24,5.49
2023-08-23,3.49,3.69,3.7,4.05,5.8,5.88,3.39,3.54,3.76,3.94,5.63,5.7,3.25,3.45,3.62,3.82,5.24,5.49
2023-08-24,3.47,3.67,3.7,4.05,5.8,5.88,3.13,3.67,3.75,3.93,5.63,5.7,3.25,3.45,3.61,3.81,5.24,5.49
2023-08-25,3.48,3.68,3.7,4.05,5.79,6.04,3.09,3.61,3.77,3.95,5.49,5.74,3.25,3.45,3.6,3.8,5.24,5.49
2023-08-28,3.5,3.7,3.7,4.05,5.8,6.05,3.39,3.54,3.75,4.0,5.51,5.76,3.1,3.5,3.61,3.81,5.24,5.49
2023-08-29,3.49,3.69,3.7,4.05,5.79,6.04,3.39,3.54,3.75,4.0,5.51,5.76,3.25,3.45,3.61,3.81,5.24,5.49
2023-08-30,3.52,3.72,3.7,4.05,5.77,6.02,3.39,3.54,3.81,3.99,5.5,5.75,3.25,3.45,3.61,3.81,5.24,5.49
2023-08-31,3.49,3.69,3.7,4.05,5.78,6.03,3.39,3.54,3.77,3.95,5.5,5.75,3.25,3.45,3.61,3.81,5.24,5.49
2023-09-01,3.45,3.65,3.7,4.05,5.8,5.88,3.39,3.54,3.75,3.93,5.64,5.72,3.25,3.45,3.61,3.81,5.24,5.49
2023-09-04,3.5,3.65,3.7,4.05,5.74,5.99,3.39,3.54,3.55,3.9,5.47,5.72,3.1,3.5,3.54,3.64,5.25,5.37
2023-09-05,3.46,3.66,3.7,4.05,5.75,6.0,3.39,3.54,3.8,4.0,5.49,5.74,3.25,3.45,3.56,3.66,5.24,5.49
2023-09-06,3.47,3.67,3.7,4.05,5.82,5.9,3.39,3.54,3.79,3.97,5.64,5.72,3.25,3.45,3.45,3.8,5.24,5.49
2023-09-07,3.49,3.69,3.7,4.05,5.76,6.01,3.39,3.54,3.8,3.9,5.5,5.75,3.25,3.45,3.45,3.8,5.24,5.49
2023-09-08,3.5,3.7,3.7,4.05,5.74,5.99,3.39,3.54,3.75,4.0,5.48,5.73,3.25,3.45,3.61,3.81,5.24,5.49
2023-09-11,3.48,3.68,3.7,4.05,5.74,5.99,3.39,3.54,3.85,4.04,5.48,5.73,3.25,3.45,3.61,3.81,5.24,5.49
2023-09-12,3.51,3.71,3.7,4.05,5.74,5.99,3.39,3.54,3.94,4.0,5.49,5.74,3.25,3.45,3.6,3.8,5.24,5.49
2023-09-13,3.54,3.74,4.03,4.12,5.69,5.94,3.39,3.54,3.95,4.11,5.46,5.71,3.0,3.4,3.61,3.81,5.24,5.49
2023-09-14,3.58,3.78,4.0,4.2,5.69,5.94,3.39,3.54,3.9,4.1,5.44,5.69,3.43,3.68,3.55,3.9,5.24,5.49
2023-09-15,3.62,3.82,3.85,4.2,5.69,5.94,3.39,3.54,3.8,4.15,5.46,5.71,3.58,3.83,3.61,3.81,5.24,5.49
2023-09-18,3.63,3.83,3.85,4.2,5.69,5.94,3.39,3.54,3.8,4.15,5.46,5.71,3.25,3.45,3.55,3.65,5.24,5.49
2023-09-19,3.63,3.83,3.85,4.2,5.69,5.94,3.29,3.81,3.8,4.15,5.45,5.7,3.5,3.7,3.61,3.81,5.24,5.49
2023-09-20,3.64,3.84,3.85,4.2,5.71,5.96,3.29,3.81,3.8,4.15,5.45,5.7,3.5,3.7,3.86,4.06,5.24,5.49
2023-09-21,3.64,3.84,4.11,4.2,5.71,5.96,3.28,3.82,3.8,4.15,5.46,5.71,3.5,3.7,3.86,4.06,5.24,5.49
2023-09-22,3.63,3.83,3.85,4.2,5.72,5.97,3.28,3.82,3.8,4.15,5.46,5.71,3.63,3.88,3.86,4.06,5.24,5.49
2023-09-25,3.63,3.83,3.85,4.2,5.73,5.98,3.28,3.82,3.8,4.15,5.46,5.71,3.5,3.7,3.86,4.06,5.24,5.49
2023-09-26,3.64,3.84,3.85,4.2,5.72,5.97,3.28,3.82,3.8,4.15,5.47,5.72,3.3,3.75,3.86,4.06,5.24,5.49
2023-09-27,3.63,3.83,4.14,4.3,5.74,5.99,3.28,3.82,3.8,4.15,5.47,5.72,3.5,3.7,3.86,4.06,5.24,5.49
2023-09-28,3.64,3.84,3.85,4.2,5.84,5.92,3.28,3.82,3.8,4.15,5.69,5.75,3.35,3.8,3.86,4.06,5.24,5.49
2023-09-29,3.64,3.84,3.85,4.2,5.74,5.99,3.28,3.82,3.8,4.15,5.7,5.95,3.25,3.7,3.86,4.06,5.24,5.49
2023-10-02,3.63,3.83,4.09,4.15,5.72,5.92,3.56,3.76,3.98,4.04,5.7,5.95,3.35,3.8,3.86,4.06,5.24,5.49
2023-10-03,3.59,3.79,3.85,4.2,5.84,5.92,3.43,3.63,3.98,4.28,5.69,5.75,3.3,3.75,3.86,4.06,5.24,5.49
2023-10-04,3.63,3.83,3.85,4.2,5.83,5.91,3.57,3.77,3.8,4.15,5.69,5.75,3.47,3.97,3.86,4.06,5.24,5.49
2023-10-05,3.64,3.84,3.85,4.2,5.71,5.96,3.58,3.78,3.8,4.15,5.66,5.91,3.5,3.7,3.86,4.06,5.24,5.49
2023-10-06,3.63,3.83,3.85,4.2,5.84,5.92,3.56,3.76,3.98,4.28,5.69,5.75,3.4,3.85,3.82,3.92,5.24,5.49
2023-10-09,3.5,3.65,3.85,4.2,5.7,5.95,3.56,3.76,3.9,4.0,5.67,5.92,3.3,3.75,3.86,4.06,5.31,5.36
2023-10-10,3.6,3.8,3.85,4.2,5.69,5.94,3.55,3.75,3.97,4.27,5.65,5.9,3.45,3.85,3.86,4.06,5.24,5.49
2023-10-11,3.6,3.8,3.85,4.2,5.67,5.92,3.56,3.76,3.8,4.15,5.63,5.88,3.5,3.7,3.7,4.05,5.24,5.49
2023-10-12,3.6,3.8,3.85,4.2,5.68,5.93,3.55,3.75,3.8,4.15,5.62,5.87,3.5,3.7,3.82,3.92,5.24,5.49
2023-10-13,3.61,3.81,4.07,4.12,5.68,5.93,3.56,3.76,3.97,4.27,5.62,5.87,3.5,3.9,3.79,3.89,5.24,5.49
2023-10-16,3.6,3.8,3.85,4.2,5.68,5.93,3.39,3.54,3.8,4.15,5.62,5.87,3.58,3.83,3.79,3.89,5.24,5.49
2023-10-17,3.6,3.8,3.85,4.2,5.7,5.95,3.39,3.54,3.8,4.15,5.64,5.89,3.5,3.7,3.7,4.05,5.24,5.49
2023-10-18,3.61,3.81,3.85,4.2,5.84,5.92,3.39,3.54,3.8,4.15,5.68,5.74,3.5,3.7,3.86,4.06,5.24,5.49
2023-10-19,3.63,3.83,3.85,4.2,5.7,5.95,3.39,3.54,3.8,4.15,5.62,5.87,3.5,3.7,3.9,4.1,5.24,5.49
2023-10-20,3.64,3.84,3.85,4.2,5.71,5.91,3.13,3.82,3.95,4.15,5.6,5.85,3.5,3.7,3.85,4.05,5.24,5.49
2023-10-23,3.64,3.84,3.85,4.2,5.68,5.93,3.39,3.54,3.8,4.15,5.6,5.85,3.5,3.7,3.86,4.06,5.24,5.49
2023-10-24,3.64,3.84,3.85,4.2,5.68,5.93,3.39,3.54,3.95,4.14,5.59,5.84,3.58,3.83,3.86,4.06,5.24,5.49
2023-10-25,3.64,3.84,3.85,4.2,5.82,5.9,3.39,3.54,3.8,4.15,5.73,5.79,3.35,3.8,3.85,4.05,5.24,5.49
2023-10-26,3.63,3.83,3.85,4.2,5.82,5.9,3.39,3.54,3.95,4.15,5.73,5.79,3.4,3.85,3.86,4.06,5.24,5.49
2023-10-27,3.63,3.83,3.85,4.2,5.66,5.91,3.14,3.81,3.95,4.05,5.59,5.84,3.35,3.8,3.83,4.03,5.24,5.49
2023-10-30,3.61,3.81,3.85,4.2,5.66,5.91,3.59,3.79,3.8,4.15,5.6,5.85,3.5,3.7,3.86,4.06,5.24,5.49
2023-10-31,3.61,3.81,3.85,4.2,5.65,5.9,3.59,3.79,3.92,4.17,5.74,5.8,3.5,3.9,3.86,4.06,5.24,5.49
2023-11-01,3.61,3.81,3.85,4.2,5.65,5.9,3.59,3.79,3.98,4.06,5.59,5.84,3.35,3.8,3.86,4.06,5.24,5.49
